[
  {
    "pk": 1,
    "model": "auth.group",
    "fields": {
      "name": "MoonGo",
      "permissions": []
    }
  },
  {
    "pk": 1,
    "model": "auth.user",
    "fields": {
      "username": "terra",
      "first_name": "",
      "last_name": "",
      "is_active": true,
      "is_superuser": true,
      "is_staff": true,
      "last_login": "2011-03-31 21:25:23",
      "groups": [
        1
      ],
      "user_permissions": [],
      "password": "sha1$baa78$dfc50792fe56cf40cb067389ae703eeec82353e9",
      "email": "a@b.com",
      "date_joined": "2010-12-25 03:40:01"
    }
  },
  {
    "pk": 2,
    "model": "auth.user",
    "fields": {
      "username": "djrandom",
      "first_name": "",
      "last_name": "",
      "is_active": true,
      "is_superuser": false,
      "is_staff": false,
      "last_login": "2011-01-02 17:46:34",
      "groups": [],
      "user_permissions": [],
      "password": "sha1$b4b6f$32fe58c802217261406895d638a998e6f2902544",
      "email": "",
      "date_joined": "2010-12-25 04:14:39"
    }
  },
  {
    "pk": 4,
    "model": "auth.user",
    "fields": {
      "username": "test",
      "first_name": "",
      "last_name": "",
      "is_active": true,
      "is_superuser": false,
      "is_staff": false,
      "last_login": "2011-03-23 20:04:58",
      "groups": [],
      "user_permissions": [],
      "password": "sha1$adca3$9835b18e4e62043b0cb5c97a9cc6ea3ad25b1234",
      "email": "",
      "date_joined": "2011-02-27 00:26:03"
    }
  },
  {
    "pk": 1,
    "model": "sites.site",
    "fields": {
      "domain": "demovibes.thelazy.net",
      "name": "DemoVibes test"
    }
  },
  {
    "pk": 1,
    "model": "webview.group",
    "fields": {
      "info": "HArrrrararrararrar\r\nConsist of robots",
      "startswith": "m",
      "pouetid": null,
      "last_updated": "2011-01-15 02:38:21",
      "name": "Maumau group",
      "wiki_link": "",
      "webpage": "",
      "created_by": 1,
      "group_logo": "",
      "status": "U",
      "found_date": null,
      "group_icon": ""
    }
  },
  {
    "pk": 2,
    "model": "webview.artist",
    "fields": {
      "last_updated": "2011-03-12 15:21:57",
      "groups": [],
      "webpage": "",
      "labels": [],
      "twitter_id": "",
      "alias_of": null,
      "wiki_link": "",
      "created_by": 1,
      "is_deceased": false,
      "status": "A",
      "startswith": "b",
      "handle": "Beethoven",
      "artist_pic": "",
      "last_fm_id": "",
      "home_country": "",
      "deceased_date": null,
      "link_to_user": 4,
      "info": "",
      "name": "",
      "dob": null,
      "hol_id": null,
      "home_location": ""
    }
  },
  {
    "pk": 1,
    "model": "webview.artist",
    "fields": {
      "last_updated": "2010-12-25 03:41:11",
      "groups": [],
      "webpage": "",
      "labels": [],
      "twitter_id": "",
      "alias_of": null,
      "wiki_link": "",
      "created_by": 1,
      "is_deceased": false,
      "status": "A",
      "startswith": "h",
      "handle": "Hurr",
      "artist_pic": "",
      "last_fm_id": "",
      "home_country": "",
      "deceased_date": null,
      "link_to_user": null,
      "info": "",
      "name": "",
      "dob": null,
      "hol_id": null,
      "home_location": ""
    }
  },
  {
    "pk": 7,
    "model": "webview.songmetadata",
    "fields": {
      "info": "",
      "comment": "",
      "added": "2011-03-12 15:15:07",
      "checked": true,
      "release_year": "",
      "song": 6,
      "labels": [],
      "platform": null,
      "pouetid": null,
      "remix_of_id": null,
      "user": 1,
      "groups": [],
      "artists": [
        1
      ],
      "active": true,
      "ytvidid": "",
      "type": null,
      "ytvidoffset": 0
    }
  },
  {
    "pk": 5,
    "model": "webview.songmetadata",
    "fields": {
      "info": "",
      "comment": "",
      "added": "2010-12-26 00:31:59",
      "checked": true,
      "release_year": "",
      "song": 5,
      "labels": [],
      "platform": null,
      "pouetid": null,
      "remix_of_id": null,
      "user": 1,
      "groups": [],
      "artists": [
        2
      ],
      "active": true,
      "ytvidid": "",
      "type": null,
      "ytvidoffset": 0
    }
  },
  {
    "pk": 4,
    "model": "webview.songmetadata",
    "fields": {
      "info": "",
      "comment": "",
      "added": "2010-12-26 00:31:25",
      "checked": true,
      "release_year": "",
      "song": 4,
      "labels": [],
      "platform": null,
      "pouetid": null,
      "remix_of_id": null,
      "user": 1,
      "groups": [],
      "artists": [
        2
      ],
      "active": true,
      "ytvidid": "",
      "type": null,
      "ytvidoffset": 0
    }
  },
  {
    "pk": 3,
    "model": "webview.songmetadata",
    "fields": {
      "info": "",
      "comment": "",
      "added": "2010-12-26 00:30:50",
      "checked": true,
      "release_year": "",
      "song": 3,
      "labels": [],
      "platform": null,
      "pouetid": null,
      "remix_of_id": null,
      "user": 1,
      "groups": [],
      "artists": [
        2
      ],
      "active": true,
      "ytvidid": "",
      "type": null,
      "ytvidoffset": 0
    }
  },
  {
    "pk": 2,
    "model": "webview.songmetadata",
    "fields": {
      "info": "",
      "comment": "",
      "added": "2010-12-25 03:43:54",
      "checked": true,
      "release_year": "",
      "song": 2,
      "labels": [],
      "platform": null,
      "pouetid": null,
      "remix_of_id": null,
      "user": 1,
      "groups": [],
      "artists": [
        1
      ],
      "active": true,
      "ytvidid": "",
      "type": null,
      "ytvidoffset": 0
    }
  },
  {
    "pk": 1,
    "model": "webview.songmetadata",
    "fields": {
      "info": "",
      "comment": "",
      "added": "2010-12-25 03:42:42",
      "checked": true,
      "release_year": "",
      "song": 1,
      "labels": [],
      "platform": null,
      "pouetid": null,
      "remix_of_id": null,
      "user": 1,
      "groups": [],
      "artists": [
        1
      ],
      "active": true,
      "ytvidid": "",
      "type": null,
      "ytvidoffset": 0
    }
  },
  {
    "pk": 8,
    "model": "webview.songmetadata",
    "fields": {
      "info": "",
      "comment": "",
      "added": "2011-03-12 18:24:24",
      "checked": false,
      "release_year": "",
      "song": 5,
      "labels": [],
      "platform": null,
      "pouetid": null,
      "remix_of_id": null,
      "user": 4,
      "groups": [],
      "artists": [
        1
      ],
      "active": false,
      "ytvidid": "",
      "type": null,
      "ytvidoffset": 0
    }
  },
  {
    "pk": 6,
    "model": "webview.songmetadata",
    "fields": {
      "info": "",
      "comment": "",
      "added": "2011-01-10 12:50:50",
      "checked": true,
      "release_year": "",
      "song": 6,
      "labels": [],
      "platform": null,
      "pouetid": null,
      "remix_of_id": null,
      "user": 1,
      "groups": [],
      "artists": [
        2
      ],
      "active": false,
      "ytvidid": "",
      "type": null,
      "ytvidoffset": 0
    }
  },
  {
    "pk": 6,
    "model": "webview.song",
    "fields": {
      "rating": 2.0,
      "pouetlink": "",
      "times_played": 0,
      "file": "media/music/FST.Monday",
      "samplerate": 0,
      "pouetss": "",
      "loopfade_time": 150,
      "num_favorited": 0,
      "pouettitle": "",
      "song_length": 61,
      "rating_total": 2,
      "status": "A",
      "startswith": "m",
      "added": "2011-01-10 12:50:49",
      "last_changed": "2011-03-19 19:14:02",
      "bitrate": 0,
      "uploader": 1,
      "pouetgroup": "",
      "rating_votes": 1,
      "license": null,
      "title": "Monday monday test",
      "explicit": false,
      "locked_until": "2011-03-19 19:15:02",
      "replay_gain": -6.3399999999999999
    }
  },
  {
    "pk": 3,
    "model": "webview.song",
    "fields": {
      "rating": 3.5,
      "pouetlink": "",
      "times_played": 167,
      "file": "media/music/orginal_1.mod",
      "samplerate": 0,
      "pouetss": "",
      "loopfade_time": 0,
      "num_favorited": 0,
      "pouettitle": "",
      "song_length": 255,
      "rating_total": 7,
      "status": "A",
      "startswith": "s",
      "added": "2010-12-26 00:30:43",
      "last_changed": "2011-03-19 19:13:12",
      "bitrate": 0,
      "uploader": 1,
      "pouetgroup": "",
      "rating_votes": 2,
      "license": null,
      "title": "Symphony 1 part 1 (\"loon\")",
      "explicit": false,
      "locked_until": "2011-01-09 14:38:57",
      "replay_gain": -4.4299999999999997
    }
  },
  {
    "pk": 4,
    "model": "webview.song",
    "fields": {
      "rating": 2.0,
      "pouetlink": "",
      "times_played": 208,
      "file": "media/music/Symphony_1-_II._Andante_cantibile_con_moto.mp3",
      "samplerate": null,
      "pouetss": "",
      "loopfade_time": 0,
      "num_favorited": 0,
      "pouettitle": "",
      "song_length": null,
      "rating_total": 2,
      "status": "A",
      "startswith": "s",
      "added": "2010-12-26 00:31:18",
      "last_changed": "2011-03-31 21:25:57",
      "bitrate": null,
      "uploader": 1,
      "pouetgroup": "",
      "rating_votes": 1,
      "license": null,
      "title": "Symphony 1 part 2",
      "explicit": false,
      "locked_until": "2011-03-06 13:45:58",
      "replay_gain": 0.0
    }
  },
  {
    "pk": 5,
    "model": "webview.song",
    "fields": {
      "rating": null,
      "pouetlink": "",
      "times_played": 172,
      "file": "media/music/Symphony_1-_III._Menuetto-_Allegro_molto_e_vivace.mp3",
      "samplerate": null,
      "pouetss": "",
      "loopfade_time": 0,
      "num_favorited": 1,
      "pouettitle": "",
      "song_length": null,
      "rating_total": 0,
      "status": "A",
      "startswith": "s",
      "added": "2010-12-26 00:31:55",
      "last_changed": "2011-03-31 21:26:05",
      "bitrate": null,
      "uploader": 1,
      "pouetgroup": "",
      "rating_votes": 0,
      "license": null,
      "title": "Symphony 1 part 3",
      "explicit": false,
      "locked_until": "2011-03-06 13:44:53",
      "replay_gain": 0.0
    }
  },
  {
    "pk": 1,
    "model": "webview.song",
    "fields": {
      "rating": null,
      "pouetlink": "",
      "times_played": 334,
      "file": "media/music/faeerytale_1.s3m",
      "samplerate": null,
      "pouetss": "",
      "loopfade_time": 0,
      "num_favorited": 0,
      "pouettitle": "",
      "song_length": null,
      "rating_total": 0,
      "status": "A",
      "startswith": "m",
      "added": "2010-12-25 03:42:40",
      "last_changed": "2011-03-31 21:26:11",
      "bitrate": null,
      "uploader": 1,
      "pouetgroup": "",
      "rating_votes": 0,
      "license": null,
      "title": "monday test2",
      "explicit": false,
      "locked_until": "2011-03-06 13:45:57",
      "replay_gain": 0.0
    }
  },
  {
    "pk": 2,
    "model": "webview.song",
    "fields": {
      "rating": null,
      "pouetlink": "",
      "times_played": 382,
      "file": "media/music/Sonsbeek_-_Retrorespect_3.mp3",
      "samplerate": null,
      "pouetss": "",
      "loopfade_time": 0,
      "num_favorited": 0,
      "pouettitle": "",
      "song_length": null,
      "rating_total": 0,
      "status": "A",
      "startswith": "r",
      "added": "2010-12-25 03:43:51",
      "last_changed": "2011-03-31 21:26:16",
      "bitrate": null,
      "uploader": 1,
      "pouetgroup": "",
      "rating_votes": 0,
      "license": null,
      "title": "retrorespect",
      "explicit": false,
      "locked_until": "2011-03-06 13:45:28",
      "replay_gain": 0.0
    }
  },
  {
    "pk": 1,
    "model": "webview.taghistory",
    "fields": {
      "tags": "muu",
      "user": 1,
      "added": "2011-01-09 16:41:56",
      "song": 4
    }
  },
  {
    "pk": 2,
    "model": "webview.taghistory",
    "fields": {
      "tags": "muu aasd",
      "user": 1,
      "added": "2011-01-09 16:46:52",
      "song": 4
    }
  },
  {
    "pk": 3,
    "model": "webview.taghistory",
    "fields": {
      "tags": "aasd muu qa",
      "user": 1,
      "added": "2011-01-09 16:47:46",
      "song": 4
    }
  },
  {
    "pk": 4,
    "model": "webview.taghistory",
    "fields": {
      "tags": "muu ",
      "user": 1,
      "added": "2011-01-09 17:00:24",
      "song": 5
    }
  },
  {
    "pk": 5,
    "model": "webview.taghistory",
    "fields": {
      "tags": "muu sa",
      "user": 1,
      "added": "2011-01-09 17:06:43",
      "song": 5
    }
  },
  {
    "pk": 6,
    "model": "webview.taghistory",
    "fields": {
      "tags": "muu qa ",
      "user": 1,
      "added": "2011-01-09 17:07:05",
      "song": 5
    }
  },
  {
    "pk": 1,
    "model": "webview.songvote",
    "fields": {
      "vote": 2,
      "added": "2011-01-09 16:29:04",
      "user": 1,
      "song": 4
    }
  },
  {
    "pk": 2,
    "model": "webview.songvote",
    "fields": {
      "vote": 2,
      "added": "2011-02-28 19:39:27",
      "user": 1,
      "song": 3
    }
  },
  {
    "pk": 3,
    "model": "webview.songvote",
    "fields": {
      "vote": 5,
      "added": "2011-03-19 19:13:12",
      "user": 4,
      "song": 3
    }
  },
  {
    "pk": 4,
    "model": "webview.songvote",
    "fields": {
      "vote": 2,
      "added": "2011-03-19 19:13:55",
      "user": 4,
      "song": 6
    }
  },
  {
    "pk": 2,
    "model": "webview.compilation",
    "fields": {
      "status": "A",
      "cover_art": "",
      "last_updated": null,
      "comp_icon": "",
      "prod_artists": [
        2,
        1
      ],
      "wiki_link": "",
      "created_by": 1,
      "label": "",
      "download_link": "",
      "youtube_link": "",
      "num_discs": null,
      "purchase_page": "",
      "startswith": "t",
      "pouet": null,
      "bar_code": "",
      "rel_date": null,
      "zxdemo_id": null,
      "date_added": "2010-12-26 00:34:22",
      "running_time": 1451,
      "info": "",
      "prod_groups": [],
      "name": "Test entry",
      "hol_id": null,
      "media_format": "",
      "projecttwosix_id": null,
      "prod_notes": "",
      "details_page": ""
    }
  },
  {
    "pk": 5,
    "model": "webview.compilation",
    "fields": {
      "status": "U",
      "cover_art": "",
      "last_updated": null,
      "comp_icon": "",
      "prod_artists": [
        2,
        1
      ],
      "wiki_link": "",
      "created_by": 1,
      "label": "",
      "download_link": "",
      "youtube_link": "",
      "num_discs": null,
      "purchase_page": "",
      "startswith": "a",
      "pouet": null,
      "bar_code": "",
      "rel_date": null,
      "zxdemo_id": null,
      "date_added": "2011-01-02 00:16:17",
      "running_time": 1024,
      "info": "",
      "prod_groups": [],
      "name": "adw",
      "hol_id": null,
      "media_format": "",
      "projecttwosix_id": null,
      "prod_notes": "",
      "details_page": ""
    }
  },
  {
    "pk": 4,
    "model": "webview.compilation",
    "fields": {
      "status": "A",
      "cover_art": "",
      "last_updated": null,
      "comp_icon": "",
      "prod_artists": [
        2,
        1
      ],
      "wiki_link": "",
      "created_by": 1,
      "label": "",
      "download_link": "",
      "youtube_link": "",
      "num_discs": null,
      "purchase_page": "",
      "startswith": "a",
      "pouet": null,
      "bar_code": "",
      "rel_date": null,
      "zxdemo_id": null,
      "date_added": "2010-12-26 00:44:53",
      "running_time": 1254,
      "info": "",
      "prod_groups": [],
      "name": "asdasdadwa",
      "hol_id": null,
      "media_format": "",
      "projecttwosix_id": null,
      "prod_notes": "",
      "details_page": ""
    }
  },
  {
    "pk": 3,
    "model": "webview.compilation",
    "fields": {
      "status": "A",
      "cover_art": "",
      "last_updated": null,
      "comp_icon": "",
      "prod_artists": [
        2
      ],
      "wiki_link": "",
      "created_by": 1,
      "label": "",
      "download_link": "",
      "youtube_link": "",
      "num_discs": null,
      "purchase_page": "",
      "startswith": "a",
      "pouet": null,
      "bar_code": "",
      "rel_date": null,
      "zxdemo_id": null,
      "date_added": "2010-12-26 00:35:23",
      "running_time": 788,
      "info": "",
      "prod_groups": [],
      "name": "atest",
      "hol_id": null,
      "media_format": "",
      "projecttwosix_id": null,
      "prod_notes": "",
      "details_page": ""
    }
  },
  {
    "pk": 7,
    "model": "webview.compilation",
    "fields": {
      "status": "U",
      "cover_art": "",
      "last_updated": null,
      "comp_icon": "",
      "prod_artists": [
        2
      ],
      "wiki_link": "",
      "created_by": 1,
      "label": "",
      "download_link": "",
      "youtube_link": "",
      "num_discs": null,
      "purchase_page": "",
      "startswith": "m",
      "pouet": null,
      "bar_code": "",
      "rel_date": null,
      "zxdemo_id": null,
      "date_added": "2011-02-27 00:32:59",
      "running_time": 529,
      "info": "",
      "prod_groups": [],
      "name": "myrrah",
      "hol_id": null,
      "media_format": "",
      "projecttwosix_id": null,
      "prod_notes": "",
      "details_page": ""
    }
  },
  {
    "pk": 1,
    "model": "webview.compilation",
    "fields": {
      "status": "A",
      "cover_art": "",
      "last_updated": null,
      "comp_icon": "",
      "prod_artists": [
        1
      ],
      "wiki_link": "",
      "created_by": null,
      "label": "",
      "download_link": "",
      "youtube_link": "",
      "num_discs": null,
      "purchase_page": "",
      "startswith": "t",
      "pouet": null,
      "bar_code": "",
      "rel_date": null,
      "zxdemo_id": null,
      "date_added": "2010-12-25 03:45:05",
      "running_time": null,
      "info": "",
      "prod_groups": [],
      "name": "test",
      "hol_id": null,
      "media_format": "",
      "projecttwosix_id": null,
      "prod_notes": "",
      "details_page": ""
    }
  },
  {
    "pk": 6,
    "model": "webview.compilation",
    "fields": {
      "status": "U",
      "cover_art": "",
      "last_updated": null,
      "comp_icon": "",
      "prod_artists": [
        2,
        1
      ],
      "wiki_link": "",
      "created_by": 1,
      "label": "",
      "download_link": "",
      "youtube_link": "",
      "num_discs": null,
      "purchase_page": "",
      "startswith": "t",
      "pouet": null,
      "bar_code": "",
      "rel_date": null,
      "zxdemo_id": null,
      "date_added": "2011-01-09 17:33:45",
      "running_time": 1152,
      "info": "",
      "prod_groups": [],
      "name": "test!",
      "hol_id": null,
      "media_format": "",
      "projecttwosix_id": null,
      "prod_notes": "",
      "details_page": ""
    }
  },
  {
    "pk": 3,
    "model": "webview.compilationsonglist",
    "fields": {
      "index": 0,
      "compilation": 2,
      "song": 3
    }
  },
  {
    "pk": 7,
    "model": "webview.compilationsonglist",
    "fields": {
      "index": 0,
      "compilation": 3,
      "song": 5
    }
  },
  {
    "pk": 9,
    "model": "webview.compilationsonglist",
    "fields": {
      "index": 0,
      "compilation": 4,
      "song": 3
    }
  },
  {
    "pk": 13,
    "model": "webview.compilationsonglist",
    "fields": {
      "index": 0,
      "compilation": 5,
      "song": 5
    }
  },
  {
    "pk": 16,
    "model": "webview.compilationsonglist",
    "fields": {
      "index": 0,
      "compilation": 6,
      "song": 4
    }
  },
  {
    "pk": 20,
    "model": "webview.compilationsonglist",
    "fields": {
      "index": 0,
      "compilation": 7,
      "song": 3
    }
  },
  {
    "pk": 4,
    "model": "webview.compilationsonglist",
    "fields": {
      "index": 1,
      "compilation": 2,
      "song": 4
    }
  },
  {
    "pk": 8,
    "model": "webview.compilationsonglist",
    "fields": {
      "index": 1,
      "compilation": 3,
      "song": 3
    }
  },
  {
    "pk": 10,
    "model": "webview.compilationsonglist",
    "fields": {
      "index": 1,
      "compilation": 4,
      "song": 1
    }
  },
  {
    "pk": 14,
    "model": "webview.compilationsonglist",
    "fields": {
      "index": 1,
      "compilation": 5,
      "song": 1
    }
  },
  {
    "pk": 17,
    "model": "webview.compilationsonglist",
    "fields": {
      "index": 1,
      "compilation": 6,
      "song": 1
    }
  },
  {
    "pk": 1,
    "model": "webview.compilationsonglist",
    "fields": {
      "index": 2,
      "compilation": 1,
      "song": 1
    }
  },
  {
    "pk": 5,
    "model": "webview.compilationsonglist",
    "fields": {
      "index": 2,
      "compilation": 2,
      "song": 5
    }
  },
  {
    "pk": 11,
    "model": "webview.compilationsonglist",
    "fields": {
      "index": 2,
      "compilation": 4,
      "song": 5
    }
  },
  {
    "pk": 15,
    "model": "webview.compilationsonglist",
    "fields": {
      "index": 2,
      "compilation": 5,
      "song": 3
    }
  },
  {
    "pk": 18,
    "model": "webview.compilationsonglist",
    "fields": {
      "index": 2,
      "compilation": 6,
      "song": 2
    }
  },
  {
    "pk": 2,
    "model": "webview.compilationsonglist",
    "fields": {
      "index": 3,
      "compilation": 1,
      "song": 2
    }
  },
  {
    "pk": 6,
    "model": "webview.compilationsonglist",
    "fields": {
      "index": 3,
      "compilation": 2,
      "song": 1
    }
  },
  {
    "pk": 12,
    "model": "webview.compilationsonglist",
    "fields": {
      "index": 3,
      "compilation": 4,
      "song": 2
    }
  },
  {
    "pk": 19,
    "model": "webview.compilationsonglist",
    "fields": {
      "index": 3,
      "compilation": 6,
      "song": 5
    }
  },
  {
    "pk": 1,
    "model": "webview.songapprovals",
    "fields": {
      "uploaded_by": 1,
      "approved_by": 1,
      "approved": "2010-12-25 03:43:08",
      "song": 1
    }
  },
  {
    "pk": 2,
    "model": "webview.songapprovals",
    "fields": {
      "uploaded_by": 1,
      "approved_by": 1,
      "approved": "2010-12-25 03:44:43",
      "song": 2
    }
  },
  {
    "pk": 3,
    "model": "webview.songapprovals",
    "fields": {
      "uploaded_by": 1,
      "approved_by": 1,
      "approved": "2010-12-26 00:32:47",
      "song": 3
    }
  },
  {
    "pk": 4,
    "model": "webview.songapprovals",
    "fields": {
      "uploaded_by": 1,
      "approved_by": 1,
      "approved": "2010-12-26 00:32:48",
      "song": 4
    }
  },
  {
    "pk": 5,
    "model": "webview.songapprovals",
    "fields": {
      "uploaded_by": 1,
      "approved_by": 1,
      "approved": "2010-12-26 00:32:49",
      "song": 5
    }
  },
  {
    "pk": 6,
    "model": "webview.songapprovals",
    "fields": {
      "uploaded_by": 1,
      "approved_by": 1,
      "approved": "2011-03-12 14:51:46",
      "song": 6
    }
  },
  {
    "pk": 1,
    "model": "webview.songcomment",
    "fields": {
      "comment": "test",
      "staff_comment": false,
      "added": "2011-01-02 00:46:27",
      "user": 1,
      "song": 1
    }
  },
  {
    "pk": 1,
    "model": "webview.favorite",
    "fields": {
      "comment": "",
      "added": "2011-01-09 13:33:39",
      "user": 1,
      "song": 5
    }
  },
  {
    "pk": 56,
    "model": "webview.oneliner",
    "fields": {
      "message": "dawawd",
      "added": "2011-03-30 23:41:47",
      "user": 1
    }
  },
  {
    "pk": 55,
    "model": "webview.oneliner",
    "fields": {
      "message": "daw",
      "added": "2011-03-30 23:41:41",
      "user": 1
    }
  },
  {
    "pk": 54,
    "model": "webview.oneliner",
    "fields": {
      "message": "adwawd",
      "added": "2011-03-30 23:40:51",
      "user": 1
    }
  },
  {
    "pk": 53,
    "model": "webview.oneliner",
    "fields": {
      "message": "awd",
      "added": "2011-03-30 23:40:40",
      "user": 1
    }
  },
  {
    "pk": 52,
    "model": "webview.oneliner",
    "fields": {
      "message": "test",
      "added": "2011-03-06 13:55:52",
      "user": 1
    }
  },
  {
    "pk": 51,
    "model": "webview.oneliner",
    "fields": {
      "message": "as",
      "added": "2011-03-06 13:52:23",
      "user": 1
    }
  },
  {
    "pk": 50,
    "model": "webview.oneliner",
    "fields": {
      "message": "[red]Test[/red]",
      "added": "2011-03-06 12:53:58",
      "user": 1
    }
  },
  {
    "pk": 49,
    "model": "webview.oneliner",
    "fields": {
      "message": "muu",
      "added": "2011-03-06 11:31:19",
      "user": 1
    }
  },
  {
    "pk": 48,
    "model": "webview.oneliner",
    "fields": {
      "message": ":)",
      "added": "2011-03-06 11:29:59",
      "user": 1
    }
  },
  {
    "pk": 47,
    "model": "webview.oneliner",
    "fields": {
      "message": "ad",
      "added": "2011-03-06 11:10:51",
      "user": 1
    }
  },
  {
    "pk": 46,
    "model": "webview.oneliner",
    "fields": {
      "message": "a",
      "added": "2011-03-06 11:10:47",
      "user": 1
    }
  },
  {
    "pk": 45,
    "model": "webview.oneliner",
    "fields": {
      "message": "aaa",
      "added": "2011-02-26 21:44:36",
      "user": 1
    }
  },
  {
    "pk": 44,
    "model": "webview.oneliner",
    "fields": {
      "message": "as",
      "added": "2011-02-26 21:44:34",
      "user": 1
    }
  },
  {
    "pk": 43,
    "model": "webview.oneliner",
    "fields": {
      "message": "[url=http://www.vg.no/]Test[/url]",
      "added": "2011-02-20 21:53:57",
      "user": 1
    }
  },
  {
    "pk": 42,
    "model": "webview.oneliner",
    "fields": {
      "message": "[url]http://vg.no\" onmouseover=\"alert('hi');[/url]",
      "added": "2011-02-20 18:32:38",
      "user": 1
    }
  },
  {
    "pk": 41,
    "model": "webview.oneliner",
    "fields": {
      "message": "[url]httu://vg.no[/url]",
      "added": "2011-02-20 18:32:02",
      "user": 1
    }
  },
  {
    "pk": 40,
    "model": "webview.oneliner",
    "fields": {
      "message": "[url]www.vg.no[/url]",
      "added": "2011-02-20 18:31:49",
      "user": 1
    }
  },
  {
    "pk": 39,
    "model": "webview.oneliner",
    "fields": {
      "message": "[url]http://vg.no[/url]",
      "added": "2011-02-20 18:31:41",
      "user": 1
    }
  },
  {
    "pk": 38,
    "model": "webview.oneliner",
    "fields": {
      "message": "adw",
      "added": "2011-02-20 18:30:59",
      "user": 1
    }
  },
  {
    "pk": 37,
    "model": "webview.oneliner",
    "fields": {
      "message": "aa",
      "added": "2011-02-20 18:30:56",
      "user": 1
    }
  },
  {
    "pk": 36,
    "model": "webview.oneliner",
    "fields": {
      "message": "as",
      "added": "2011-02-20 16:51:17",
      "user": 1
    }
  },
  {
    "pk": 35,
    "model": "webview.oneliner",
    "fields": {
      "message": "mu",
      "added": "2011-02-20 16:41:25",
      "user": 1
    }
  },
  {
    "pk": 34,
    "model": "webview.oneliner",
    "fields": {
      "message": "asd",
      "added": "2011-02-20 16:37:50",
      "user": 1
    }
  },
  {
    "pk": 33,
    "model": "webview.oneliner",
    "fields": {
      "message": "a",
      "added": "2011-02-20 16:30:52",
      "user": 1
    }
  },
  {
    "pk": 32,
    "model": "webview.oneliner",
    "fields": {
      "message": "adw",
      "added": "2011-01-22 19:08:50",
      "user": 1
    }
  },
  {
    "pk": 31,
    "model": "webview.oneliner",
    "fields": {
      "message": "real [flag]np[/flag][url=http://goatse.ch/]anni[/url]",
      "added": "2011-01-11 23:46:50",
      "user": 1
    }
  },
  {
    "pk": 30,
    "model": "webview.oneliner",
    "fields": {
      "message": "real [flag]np[/flag][url=\"http://goatse.ch/\"]anni[/url]",
      "added": "2011-01-11 23:46:18",
      "user": 1
    }
  },
  {
    "pk": 29,
    "model": "webview.oneliner",
    "fields": {
      "message": "real [flag]np[/flag] [url=\"http://goatse.ch/\"]anni[/url]",
      "added": "2011-01-11 23:46:07",
      "user": 1
    }
  },
  {
    "pk": 28,
    "model": "webview.oneliner",
    "fields": {
      "message": "a",
      "added": "2011-01-11 22:36:00",
      "user": 1
    }
  },
  {
    "pk": 27,
    "model": "webview.oneliner",
    "fields": {
      "message": ":) :) :( :D: D :P :P :(",
      "added": "2011-01-11 22:34:38",
      "user": 1
    }
  },
  {
    "pk": 26,
    "model": "webview.oneliner",
    "fields": {
      "message": ":) :) :( :D :D :P :P",
      "added": "2011-01-11 22:33:54",
      "user": 1
    }
  },
  {
    "pk": 25,
    "model": "webview.oneliner",
    "fields": {
      "message": ":) :) :( :D :D",
      "added": "2011-01-11 22:33:37",
      "user": 1
    }
  },
  {
    "pk": 24,
    "model": "webview.oneliner",
    "fields": {
      "message": ":) :) :) :( :( :( :D :D :D",
      "added": "2011-01-11 22:33:25",
      "user": 1
    }
  },
  {
    "pk": 23,
    "model": "webview.oneliner",
    "fields": {
      "message": "bar",
      "added": "2011-01-11 22:32:45",
      "user": 1
    }
  },
  {
    "pk": 22,
    "model": "webview.oneliner",
    "fields": {
      "message": "b",
      "added": "2011-01-11 19:36:15",
      "user": 1
    }
  },
  {
    "pk": 21,
    "model": "webview.oneliner",
    "fields": {
      "message": "ba",
      "added": "2011-01-11 19:32:15",
      "user": 1
    }
  },
  {
    "pk": 20,
    "model": "webview.oneliner",
    "fields": {
      "message": "[b]test[/b]",
      "added": "2011-01-11 19:28:43",
      "user": 1
    }
  },
  {
    "pk": 19,
    "model": "webview.oneliner",
    "fields": {
      "message": "test",
      "added": "2011-01-11 19:01:51",
      "user": 1
    }
  },
  {
    "pk": 18,
    "model": "webview.oneliner",
    "fields": {
      "message": "q",
      "added": "2011-01-11 19:00:16",
      "user": 1
    }
  },
  {
    "pk": 17,
    "model": "webview.oneliner",
    "fields": {
      "message": "asdas dasd asd asd:Asdadada",
      "added": "2011-01-11 18:59:20",
      "user": 1
    }
  },
  {
    "pk": 16,
    "model": "webview.oneliner",
    "fields": {
      "message": ":d",
      "added": "2011-01-11 18:59:13",
      "user": 1
    }
  },
  {
    "pk": 15,
    "model": "webview.oneliner",
    "fields": {
      "message": ":p",
      "added": "2011-01-11 18:59:01",
      "user": 1
    }
  },
  {
    "pk": 14,
    "model": "webview.oneliner",
    "fields": {
      "message": ":p :D :P :) :( :( :( :p",
      "added": "2011-01-11 18:58:00",
      "user": 1
    }
  },
  {
    "pk": 13,
    "model": "webview.oneliner",
    "fields": {
      "message": ":p :) P :D",
      "added": "2011-01-11 18:57:47",
      "user": 1
    }
  },
  {
    "pk": 12,
    "model": "webview.oneliner",
    "fields": {
      "message": "a",
      "added": "2011-01-11 18:57:35",
      "user": 1
    }
  },
  {
    "pk": 11,
    "model": "webview.oneliner",
    "fields": {
      "message": "a",
      "added": "2011-01-11 18:56:55",
      "user": 1
    }
  },
  {
    "pk": 10,
    "model": "webview.oneliner",
    "fields": {
      "message": "asd",
      "added": "2011-01-11 18:55:47",
      "user": 1
    }
  },
  {
    "pk": 9,
    "model": "webview.oneliner",
    "fields": {
      "message": "d",
      "added": "2011-01-11 18:55:17",
      "user": 1
    }
  },
  {
    "pk": 8,
    "model": "webview.oneliner",
    "fields": {
      "message": "a",
      "added": "2011-01-11 18:55:15",
      "user": 1
    }
  },
  {
    "pk": 7,
    "model": "webview.oneliner",
    "fields": {
      "message": ":p :p :p :p :p :p :p :p :p :p ",
      "added": "2011-01-11 18:51:25",
      "user": 1
    }
  },
  {
    "pk": 6,
    "model": "webview.oneliner",
    "fields": {
      "message": ":p :p :p :p :p :p :p :p :p :p :p :p :p :p :p :p :p :p :p :p :p :p :p :p :p :p :p :p :p :p :p :p :p :p :p :p",
      "added": "2011-01-11 18:51:22",
      "user": 1
    }
  },
  {
    "pk": 5,
    "model": "webview.oneliner",
    "fields": {
      "message": ":p :p :p :p :p :p :p :p :p :p :p :p :p :p :p :p :p :p :p :p :p :p :p :p :p :p :p :p :p :p :p :p",
      "added": "2011-01-11 18:51:18",
      "user": 1
    }
  },
  {
    "pk": 4,
    "model": "webview.oneliner",
    "fields": {
      "message": ":p :p :p :p :p :p :p :p :p",
      "added": "2011-01-11 18:51:09",
      "user": 1
    }
  },
  {
    "pk": 3,
    "model": "webview.oneliner",
    "fields": {
      "message": ":p",
      "added": "2011-01-11 18:50:46",
      "user": 1
    }
  },
  {
    "pk": 2,
    "model": "webview.oneliner",
    "fields": {
      "message": ":)",
      "added": "2011-01-11 18:50:42",
      "user": 1
    }
  },
  {
    "pk": 1,
    "model": "webview.oneliner",
    "fields": {
      "message": "hajje",
      "added": "2010-12-26 14:13:49",
      "user": 1
    }
  },
  {
    "pk": 8,
    "model": "webview.privatemessage",
    "fields": {
      "sender": 1,
      "visible": true,
      "to": 1,
      "reply_to": null,
      "message": "Your metadata for song [song]6[/song] is now active :)",
      "unread": false,
      "sent": "2011-03-12 15:15:16",
      "subject": "Song info approved"
    }
  },
  {
    "pk": 7,
    "model": "webview.privatemessage",
    "fields": {
      "sender": 1,
      "visible": true,
      "to": 1,
      "reply_to": null,
      "message": "This is an automated message from the DemoVibes test Approval System.\n\nThis message is to inform you that your recent upload ([song]6[/song]) has been Accepted on the site. If you have any additional questions, please contact an administrator/moderator. Thank-you.\n",
      "unread": true,
      "sent": "2011-03-12 14:51:46",
      "subject": "Song Upload Status Changed To: Accepted"
    }
  },
  {
    "pk": 6,
    "model": "webview.privatemessage",
    "fields": {
      "sender": 1,
      "visible": true,
      "to": 1,
      "reply_to": null,
      "message": "This is an automated message from the example.com Approval System.\n\nThis message is to inform you that your recent upload ([song]5[/song]) has been Accepted on the site. If you have any additional questions, please contact an administrator/moderator. Thank-you.\n",
      "unread": true,
      "sent": "2010-12-26 00:32:49",
      "subject": "Song Upload Status Changed To: Accepted"
    }
  },
  {
    "pk": 5,
    "model": "webview.privatemessage",
    "fields": {
      "sender": 1,
      "visible": true,
      "to": 1,
      "reply_to": null,
      "message": "This is an automated message from the example.com Approval System.\n\nThis message is to inform you that your recent upload ([song]4[/song]) has been Accepted on the site. If you have any additional questions, please contact an administrator/moderator. Thank-you.\n",
      "unread": true,
      "sent": "2010-12-26 00:32:48",
      "subject": "Song Upload Status Changed To: Accepted"
    }
  },
  {
    "pk": 4,
    "model": "webview.privatemessage",
    "fields": {
      "sender": 1,
      "visible": true,
      "to": 1,
      "reply_to": null,
      "message": "This is an automated message from the example.com Approval System.\n\nThis message is to inform you that your recent upload ([song]3[/song]) has been Accepted on the site. If you have any additional questions, please contact an administrator/moderator. Thank-you.\n",
      "unread": true,
      "sent": "2010-12-26 00:32:47",
      "subject": "Song Upload Status Changed To: Accepted"
    }
  },
  {
    "pk": 3,
    "model": "webview.privatemessage",
    "fields": {
      "sender": 1,
      "visible": true,
      "to": 1,
      "reply_to": null,
      "message": "This is an automated message from the example.com Approval System.\n\nThis message is to inform you that your recent upload ([song]2[/song]) has been Accepted on the site. If you have any additional questions, please contact an administrator/moderator. Thank-you.\n",
      "unread": true,
      "sent": "2010-12-25 03:44:43",
      "subject": "Song Upload Status Changed To: Accepted"
    }
  },
  {
    "pk": 2,
    "model": "webview.privatemessage",
    "fields": {
      "sender": 1,
      "visible": true,
      "to": 1,
      "reply_to": null,
      "message": "This is an automated message from the example.com Approval System.\n\nThis message is to inform you that your recent upload ([song]1[/song]) has been Accepted on the site. If you have any additional questions, please contact an administrator/moderator. Thank-you.\n",
      "unread": true,
      "sent": "2010-12-25 03:43:08",
      "subject": "Song Upload Status Changed To: Accepted"
    }
  },
  {
    "pk": 1,
    "model": "webview.privatemessage",
    "fields": {
      "sender": 1,
      "visible": true,
      "to": 1,
      "reply_to": null,
      "message": "This is an automated message from the example.com Approval System.\n\nThis message is to inform you that your recent Artist request ( [artist]1[/artist]) has been Accepted on the site.\n\nIf you have any additional questions, please contact an administrator/moderator. Thank-you.\n",
      "unread": true,
      "sent": "2010-12-25 03:41:11",
      "subject": "Artist Hurr : Accepted"
    }
  },
  {
    "pk": 1,
    "model": "webview.songlicense",
    "fields": {
      "url": "http://creativecommons.org/licenses/by-nc-sa/3.0/",
      "icon": "media/license/88x31.png",
      "downloadable": true,
      "name": "CC BY-NC-SA 3.0",
      "description": "This license lets others remix, tweak, and build upon your work non-commercially, as long as they credit you and license their new creations under the identical terms."
    }
  },
  {
    "pk": 1,
    "model": "forum.forum",
    "fields": {
      "description": "asd",
      "parent": null,
      "title": "asd",
      "posts": 32,
      "threads": 4,
      "slug": "asd",
      "is_private": false
    }
  },
  {
    "pk": 4,
    "model": "forum.thread",
    "fields": {
      "latest_post_time": "2011-02-20 21:51:42",
      "forum": 1,
      "views": 19,
      "title": "bblink test",
      "posts": 1,
      "sticky": false,
      "closed": false
    }
  },
  {
    "pk": 3,
    "model": "forum.thread",
    "fields": {
      "latest_post_time": "2011-01-14 16:10:37",
      "forum": 1,
      "views": 27,
      "title": "spam",
      "posts": 14,
      "sticky": false,
      "closed": false
    }
  },
  {
    "pk": 2,
    "model": "forum.thread",
    "fields": {
      "latest_post_time": "2011-01-14 15:06:10",
      "forum": 1,
      "views": 9,
      "title": "ugg",
      "posts": 3,
      "sticky": false,
      "closed": false
    }
  },
  {
    "pk": 1,
    "model": "forum.thread",
    "fields": {
      "latest_post_time": "2011-01-14 15:03:34",
      "forum": 1,
      "views": 38,
      "title": "asdawd (mp3)",
      "posts": 14,
      "sticky": false,
      "closed": false
    }
  },
  {
    "pk": 32,
    "model": "forum.post",
    "fields": {
      "body": "[url]http://www.vg.no[/url]\r\n[url=http://www.vg.no]VG.no[/url]\r\n\r\n[img]http://static04.vg.no/drfront/images/2011-02/20/86-6991f524-092094d1.jpeg[/img]\r\n[img=http://static04.vg.no/drfront/images/2011-02/20/86-6991f524-092094d1.jpeg]Teest[/img]",
      "edited": "2011-02-20 21:51:42",
      "time": "2011-02-20 21:51:42",
      "thread": 4,
      "author": 1
    }
  },
  {
    "pk": 31,
    "model": "forum.post",
    "fields": {
      "body": "[b]Booo[/b]",
      "edited": "2011-01-14 16:10:37",
      "time": "2011-01-14 16:10:37",
      "thread": 3,
      "author": 1
    }
  },
  {
    "pk": 30,
    "model": "forum.post",
    "fields": {
      "body": "Lorem :D ipsum dolor sit amet, :D consectetur adipisicing elit, sed do eiusmod tempor incididunt ut labore et dolore magna aliqua. Ut enim ad minim veniam, quis nostrud exercitation ullamco laboris nisi ut aliquip ex ea commodo consequat. Duis aute irure dolor in reprehenderit in voluptate velit esse cillum dolore eu fugiat nulla pariatur. Excepteur sint occaecat cupidatat non proident, sunt in culpa qui officia deserunt mollit anim id est laborum.\r\n\r\nLorem ipsum dolor sit amet, consectetur adipisicing elit, sed do eiusmod tempor incididunt ut labore et dolore magna aliqua. Ut enim ad minim veniam, quis nostrud exercitation ullamco laboris nisi ut aliquip ex ea commodo consequat. Duis aute irure dolor in reprehenderit in voluptate velit esse cillum dolore eu fugiat nulla pariatur. Excepteur sint occaecat cupidatat non proident, sunt in culpa qui officia deserunt mollit anim id est laborum. :D",
      "edited": "2011-01-14 16:10:21",
      "time": "2011-01-14 16:10:21",
      "thread": 3,
      "author": 1
    }
  },
  {
    "pk": 29,
    "model": "forum.post",
    "fields": {
      "body": "Lorem ipsum dolor sit amet, consectetur adipisicing elit, sed do eiusmod tempor incididunt ut labore et dolore magna aliqua. Ut enim ad minim veniam, quis nostrud exercitation ullamco laboris nisi ut aliquip ex ea commodo consequat. Duis aute irure dolor in reprehenderit in voluptate velit esse cillum dolore eu fugiat nulla pariatur. Excepteur sint occaecat cupidatat non proident, sunt in culpa qui officia deserunt mollit anim id est laborum.\r\n\r\nLorem ipsum dolor sit amet, consectetur adipisicing elit, sed do eiusmod tempor incididunt ut labore et dolore magna aliqua. Ut enim ad minim veniam, quis nostrud exercitation ullamco laboris nisi ut aliquip ex ea commodo consequat. Duis aute irure dolor in reprehenderit in voluptate velit esse cillum dolore eu fugiat nulla pariatur. Excepteur sint occaecat cupidatat non proident, sunt in culpa qui officia deserunt mollit anim id est laborum.Lorem ipsum dolor sit amet, consectetur adipisicing elit, sed do eiusmod tempor incididunt ut labore et dolore magna aliqua. Ut enim ad minim veniam, quis nostrud exercitation ullamco laboris nisi ut aliquip ex ea commodo consequat. Duis aute irure dolor in reprehenderit in voluptate velit esse cillum dolore eu fugiat nulla pariatur. Excepteur sint occaecat cupidatat non proident, sunt in culpa qui officia deserunt mollit anim id est laborum.\r\n\r\nLorem ipsum dolor sit amet, consectetur adipisicing elit, sed do eiusmod tempor incididunt ut labore et dolore magna aliqua. Ut enim ad minim veniam, quis nostrud exercitation ullamco laboris nisi ut aliquip ex ea commodo consequat. Duis aute irure dolor in reprehenderit in voluptate velit esse cillum dolore eu fugiat nulla pariatur. Excepteur sint occaecat cupidatat non proident, sunt in culpa qui officia deserunt mollit anim id est laborum.",
      "edited": "2011-01-14 16:10:05",
      "time": "2011-01-14 16:10:05",
      "thread": 3,
      "author": 1
    }
  },
  {
    "pk": 28,
    "model": "forum.post",
    "fields": {
      "body": "Lorem ipsum dolor sit amet, consectetur adipisicing elit, sed do eiusmod tempor incididunt ut labore et dolore magna aliqua. Ut enim ad minim veniam, quis nostrud exercitation ullamco laboris nisi ut aliquip ex ea commodo consequat. Duis aute irure dolor in reprehenderit in voluptate velit esse cillum dolore eu fugiat nulla pariatur. Excepteur sint occaecat cupidatat non proident, sunt in culpa qui officia deserunt mollit anim id est laborum.\r\n\r\nLorem ipsum dolor sit amet, consectetur adipisicing elit, sed do eiusmod tempor incididunt ut labore et dolore magna aliqua. Ut enim ad minim veniam, quis nostrud exercitation ullamco laboris nisi ut aliquip ex ea commodo consequat. Duis aute irure dolor in reprehenderit in voluptate velit esse cillum dolore eu fugiat nulla pariatur. Excepteur sint occaecat cupidatat non proident, sunt in culpa qui officia deserunt mollit anim id est laborum.",
      "edited": "2011-01-14 16:10:03",
      "time": "2011-01-14 16:10:03",
      "thread": 3,
      "author": 1
    }
  },
  {
    "pk": 27,
    "model": "forum.post",
    "fields": {
      "body": "Lorem ipsum dolor sit amet, consectetur adipisicing elit, sed do eiusmod tempor incididunt ut labore et dolore magna aliqua. Ut enim ad minim veniam, quis nostrud exercitation ullamco laboris nisi ut aliquip ex ea commodo consequat. Duis aute irure dolor in reprehenderit in voluptate velit esse cillum dolore eu fugiat nulla pariatur. Excepteur sint occaecat cupidatat non proident, sunt in culpa qui officia deserunt mollit anim id est laborum.\r\n\r\nLorem ipsum dolor sit amet, consectetur adipisicing elit, sed do eiusmod tempor incididunt ut labore et dolore magna aliqua. Ut enim ad minim veniam, quis nostrud exercitation ullamco laboris nisi ut aliquip ex ea commodo consequat. Duis aute irure dolor in reprehenderit in voluptate velit esse cillum dolore eu fugiat nulla pariatur. Excepteur sint occaecat cupidatat non proident, sunt in culpa qui officia deserunt mollit anim id est laborum.",
      "edited": "2011-01-14 16:10:01",
      "time": "2011-01-14 16:10:01",
      "thread": 3,
      "author": 1
    }
  },
  {
    "pk": 26,
    "model": "forum.post",
    "fields": {
      "body": "Lorem ipsum dolor sit amet, consectetur adipisicing elit, sed do eiusmod tempor incididunt ut labore et dolore magna aliqua. Ut enim ad minim veniam, quis nostrud exercitation ullamco laboris nisi ut aliquip ex ea commodo consequat. Duis aute irure dolor in reprehenderit in voluptate velit esse cillum dolore eu fugiat nulla pariatur. Excepteur sint occaecat cupidatat non proident, sunt in culpa qui officia deserunt mollit anim id est laborum.\r\n\r\nLorem ipsum dolor sit amet, consectetur adipisicing elit, sed do eiusmod tempor incididunt ut labore et dolore magna aliqua. Ut enim ad minim veniam, quis nostrud exercitation ullamco laboris nisi ut aliquip ex ea commodo consequat. Duis aute irure dolor in reprehenderit in voluptate velit esse cillum dolore eu fugiat nulla pariatur. Excepteur sint occaecat cupidatat non proident, sunt in culpa qui officia deserunt mollit anim id est laborum.",
      "edited": "2011-01-14 16:09:58",
      "time": "2011-01-14 16:09:58",
      "thread": 3,
      "author": 1
    }
  },
  {
    "pk": 25,
    "model": "forum.post",
    "fields": {
      "body": "Lorem ipsum dolor sit amet, consectetur adipisicing elit, sed do eiusmod tempor incididunt ut labore et dolore magna aliqua. Ut enim ad minim veniam, quis nostrud exercitation ullamco laboris nisi ut aliquip ex ea commodo consequat. Duis aute irure dolor in reprehenderit in voluptate velit esse cillum dolore eu fugiat nulla pariatur. Excepteur sint occaecat cupidatat non proident, sunt in culpa qui officia deserunt mollit anim id est laborum.\r\n\r\nLorem ipsum dolor sit amet, consectetur adipisicing elit, sed do eiusmod tempor incididunt ut labore et dolore magna aliqua. Ut enim ad minim veniam, quis nostrud exercitation ullamco laboris nisi ut aliquip ex ea commodo consequat. Duis aute irure dolor in reprehenderit in voluptate velit esse cillum dolore eu fugiat nulla pariatur. Excepteur sint occaecat cupidatat non proident, sunt in culpa qui officia deserunt mollit anim id est laborum.Lorem ipsum dolor sit amet, consectetur adipisicing elit, sed do eiusmod tempor incididunt ut labore et dolore magna aliqua. Ut enim ad minim veniam, quis nostrud exercitation ullamco laboris nisi ut aliquip ex ea commodo consequat. Duis aute irure dolor in reprehenderit in voluptate velit esse cillum dolore eu fugiat nulla pariatur. Excepteur sint occaecat cupidatat non proident, sunt in culpa qui officia deserunt mollit anim id est laborum.\r\n\r\nLorem ipsum dolor sit amet, consectetur adipisicing elit, sed do eiusmod tempor incididunt ut labore et dolore magna aliqua. Ut enim ad minim veniam, quis nostrud exercitation ullamco laboris nisi ut aliquip ex ea commodo consequat. Duis aute irure dolor in reprehenderit in voluptate velit esse cillum dolore eu fugiat nulla pariatur. Excepteur sint occaecat cupidatat non proident, sunt in culpa qui officia deserunt mollit anim id est laborum.",
      "edited": "2011-01-14 16:09:55",
      "time": "2011-01-14 16:09:55",
      "thread": 3,
      "author": 1
    }
  },
  {
    "pk": 24,
    "model": "forum.post",
    "fields": {
      "body": ":) :D Lorem ipsum dolor sit amet, consectetur adipisicing elit, sed do eiusmod tempor incididunt ut labore et dolore magna aliqua. Ut enim ad minim veniam, quis nostrud exercitation ullamco laboris nisi ut aliquip ex ea commodo consequat. Duis aute irure dolor in reprehenderit in voluptate velit esse cillum dolore eu fugiat nulla pariatur. Excepteur sint occaecat cupidatat non proident, sunt in culpa qui officia deserunt mollit anim id est laborum.\r\n\r\nLorem ipsum dolor sit amet, consectetur adipisicing elit, sed do eiusmod tempor incididunt ut labore et dolore magna aliqua. Ut enim ad minim veniam, quis nostrud exercitation ullamco laboris nisi ut aliquip ex ea commodo consequat. Duis aute irure dolor in reprehenderit in voluptate velit esse cillum dolore eu fugiat nulla pariatur. Excepteur sint occaecat cupidatat non proident, sunt in culpa qui officia deserunt mollit anim id est laborum.",
      "edited": "2011-01-14 16:09:45",
      "time": "2011-01-14 16:09:45",
      "thread": 3,
      "author": 1
    }
  },
  {
    "pk": 23,
    "model": "forum.post",
    "fields": {
      "body": "Lorem ipsum dolor sit amet, consectetur adipisicing elit, sed do eiusmod tempor incididunt ut labore et dolore magna aliqua. Ut enim ad minim veniam, quis nostrud exercitation ullamco laboris nisi ut aliquip ex ea commodo consequat. Duis aute irure dolor in reprehenderit in voluptate velit esse cillum dolore eu fugiat nulla pariatur. Excepteur sint occaecat cupidatat non proident, sunt in culpa qui officia deserunt mollit anim id est laborum.\r\n\r\nLorem ipsum dolor sit amet, consectetur adipisicing elit, sed do eiusmod tempor incididunt ut labore et dolore magna aliqua. Ut enim ad minim veniam, quis nostrud exercitation ullamco laboris nisi ut aliquip ex ea commodo consequat. Duis aute irure dolor in reprehenderit in voluptate velit esse cillum dolore eu fugiat nulla pariatur. Excepteur sint occaecat cupidatat non proident, sunt in culpa qui officia deserunt mollit anim id est laborum.\r\nLorem ipsum dolor sit amet, consectetur adipisicing elit, sed do eiusmod tempor incididunt ut labore et dolore magna aliqua. Ut enim ad minim veniam, quis nostrud exercitation ullamco laboris nisi ut aliquip ex ea commodo consequat. Duis aute irure dolor in reprehenderit in voluptate velit esse cillum dolore eu fugiat nulla pariatur. Excepteur sint occaecat cupidatat non proident, sunt in culpa qui officia deserunt mollit anim id est laborum.\r\n\r\nLorem ipsum dolor sit amet, consectetur adipisicing elit, sed do eiusmod tempor incididunt ut labore et dolore magna aliqua. Ut enim ad minim veniam, quis nostrud exercitation ullamco laboris nisi ut aliquip ex ea commodo consequat. Duis aute irure dolor in reprehenderit in voluptate velit esse cillum dolore eu fugiat nulla pariatur. Excepteur sint occaecat cupidatat non proident, sunt in culpa qui officia deserunt mollit anim id est laborum.Lorem ipsum dolor sit amet, consectetur adipisicing elit, sed do eiusmod tempor incididunt ut labore et dolore magna aliqua. Ut enim ad minim veniam, quis nostrud exercitation ullamco laboris nisi ut aliquip ex ea commodo consequat. Duis aute irure dolor in reprehenderit in voluptate velit esse cillum dolore eu fugiat nulla pariatur. Excepteur sint occaecat cupidatat non proident, sunt in culpa qui officia deserunt mollit anim id est laborum.\r\n\r\nLorem ipsum dolor sit amet, consectetur adipisicing elit, sed do eiusmod tempor incididunt ut labore et dolore magna aliqua. Ut enim ad minim veniam, quis nostrud exercitation ullamco laboris nisi ut aliquip ex ea commodo consequat. Duis aute irure dolor in reprehenderit in voluptate velit esse cillum dolore eu fugiat nulla pariatur. Excepteur sint occaecat cupidatat non proident, sunt in culpa qui officia deserunt mollit anim id est laborum.Lorem ipsum dolor sit amet, consectetur adipisicing elit, sed do eiusmod tempor incididunt ut labore et dolore magna aliqua. Ut enim ad minim veniam, quis nostrud exercitation ullamco laboris nisi ut aliquip ex ea commodo consequat. Duis aute irure dolor in reprehenderit in voluptate velit esse cillum dolore eu fugiat nulla pariatur. Excepteur sint occaecat cupidatat non proident, sunt in culpa qui officia deserunt mollit anim id est laborum.\r\n\r\nLorem ipsum dolor sit amet, consectetur adipisicing elit, sed do eiusmod tempor incididunt ut labore et dolore magna aliqua. Ut enim ad minim veniam, quis nostrud exercitation ullamco laboris nisi ut aliquip ex ea commodo consequat. Duis aute irure dolor in reprehenderit in voluptate velit esse cillum dolore eu fugiat nulla pariatur. Excepteur sint occaecat cupidatat non proident, sunt in culpa qui officia deserunt mollit anim id est laborum.Lorem ipsum dolor sit amet, consectetur adipisicing elit, sed do eiusmod tempor incididunt ut labore et dolore magna aliqua. Ut enim ad minim veniam, quis nostrud exercitation ullamco laboris nisi ut aliquip ex ea commodo consequat. Duis aute irure dolor in reprehenderit in voluptate velit esse cillum dolore eu fugiat nulla pariatur. Excepteur sint occaecat cupidatat non proident, sunt in culpa qui officia deserunt mollit anim id est laborum.\r\n\r\nLorem ipsum dolor sit amet, consectetur adipisicing elit, sed do eiusmod tempor incididunt ut labore et dolore magna aliqua. Ut enim ad minim veniam, quis nostrud exercitation ullamco laboris nisi ut aliquip ex ea commodo consequat. Duis aute irure dolor in reprehenderit in voluptate velit esse cillum dolore eu fugiat nulla pariatur. Excepteur sint occaecat cupidatat non proident, sunt in culpa qui officia deserunt mollit anim id est laborum.",
      "edited": "2011-01-14 16:09:31",
      "time": "2011-01-14 16:09:31",
      "thread": 3,
      "author": 1
    }
  },
  {
    "pk": 22,
    "model": "forum.post",
    "fields": {
      "body": "Lorem ipsum dolor sit amet, consectetur adipisicing elit, sed do eiusmod tempor incididunt ut labore et dolore magna aliqua. Ut enim ad minim veniam, quis nostrud exercitation ullamco laboris nisi ut aliquip ex ea commodo consequat. Duis aute irure dolor in reprehenderit in voluptate velit esse cillum dolore eu fugiat nulla pariatur. Excepteur sint occaecat cupidatat non proident, sunt in culpa qui officia deserunt mollit anim id est laborum.",
      "edited": "2011-01-14 16:09:21",
      "time": "2011-01-14 16:09:21",
      "thread": 3,
      "author": 1
    }
  },
  {
    "pk": 21,
    "model": "forum.post",
    "fields": {
      "body": "Spaaaaaaaaaaaaaaaaaaaaaaaaaaaaaaarta! Spaaaaaaaaaaaaaaaaaaaaaaaaaaaaaaarta!Spaaaaaaaaaaaaaaaaaaaaaaaaaaaaaaarta! Spaaaaaaaaaaaaaaaaaaaaaaaaaaaaaaarta! Spaaaaaaaaaaaaaaaaaaaaaaaaaaaaaaarta!Spaaaaaaaaaaaaaaaaaaaaaaaaaaaaaaarta!Spaaaaaaaaaaaaaaaaaaaaaaaaaaaaaaarta!Spaaaaaaaaaaaaaaaaaaaaaaaaaaaaaaarta!Spaaaaaaaaaaaaaaaaaaaaaaaaaaaaaaarta!Spaaaaaaaaaaaaaaaaaaaaaaaaaaaaaaarta!Spaaaaaaaaaaaaaaaaaaaaaaaaaaaaaaarta!Spaaaaaaaaaaaaaaaaaaaaaaaaaaaaaaarta!Spaaaaaaaaaaaaaaaaaaaaaaaaaaaaaaarta!Spaaaaaaaaaaaaaaaaaaaaaaaaaaaaaaarta!Spaaaaaaaaaaaaaaaaaaaaaaaaaaaaaaarta!Spaaaaaaaaaaaaaaaaaaaaaaaaaaaaaaarta!Spaaaaaaaaaaaaaaaaaaaaaaaaaaaaaaarta!Spaaaaaaaaaaaaaaaaaaaaaaaaaaaaaaarta!Spaaaaaaaaaaaaaaaaaaaaaaaaaaaaaaarta!Spaaaaaaaaaaaaaaaaaaaaaaaaaaaaaaarta!Spaaaaaaaaaaaaaaaaaaaaaaaaaaaaaaarta!Spaaaaaaaaaaaaaaaaaaaaaaaaaaaaaaarta!Spaaaaaaaaaaaaaaaaaaaaaaaaaaaaaaarta!Spaaaaaaaaaaaaaaaaaaaaaaaaaaaaaaarta!Spaaaaaaaaaaaaaaaaaaaaaaaaaaaaaaarta!Spaaaaaaaaaaaaaaaaaaaaaaaaaaaaaaarta!Spaaaaaaaaaaaaaaaaaaaaaaaaaaaaaaarta!Spaaaaaaaaaaaaaaaaaaaaaaaaaaaaaaarta!Spaaaaaaaaaaaaaaaaaaaaaaaaaaaaaaarta!Spaaaaaaaaaaaaaaaaaaaaaaaaaaaaaaarta!Spaaaaaaaaaaaaaaaaaaaaaaaaaaaaaaarta!Spaaaaaaaaaaaaaaaaaaaaaaaaaaaaaaarta!Spaaaaaaaaaaaaaaaaaaaaaaaaaaaaaaarta!Spaaaaaaaaaaaaaaaaaaaaaaaaaaaaaaarta!Spaaaaaaaaaaaaaaaaaaaaaaaaaaaaaaarta!Spaaaaaaaaaaaaaaaaaaaaaaaaaaaaaaarta!Spaaaaaaaaaaaaaaaaaaaaaaaaaaaaaaarta!Spaaaaaaaaaaaaaaaaaaaaaaaaaaaaaaarta!Spaaaaaaaaaaaaaaaaaaaaaaaaaaaaaaarta!Spaaaaaaaaaaaaaaaaaaaaaaaaaaaaaaarta!Spaaaaaaaaaaaaaaaaaaaaaaaaaaaaaaarta!Spaaaaaaaaaaaaaaaaaaaaaaaaaaaaaaarta!Spaaaaaaaaaaaaaaaaaaaaaaaaaaaaaaarta!Spaaaaaaaaaaaaaaaaaaaaaaaaaaaaaaarta!Spaaaaaaaaaaaaaaaaaaaaaaaaaaaaaaarta!Spaaaaaaaaaaaaaaaaaaaaaaaaaaaaaaarta!Spaaaaaaaaaaaaaaaaaaaaaaaaaaaaaaarta!Spaaaaaaaaaaaaaaaaaaaaaaaaaaaaaaarta!Spaaaaaaaaaaaaaaaaaaaaaaaaaaaaaaarta!Spaaaaaaaaaaaaaaaaaaaaaaaaaaaaaaarta!Spaaaaaaaaaaaaaaaaaaaaaaaaaaaaaaarta!",
      "edited": "2011-01-14 16:08:55",
      "time": "2011-01-14 16:08:55",
      "thread": 3,
      "author": 1
    }
  },
  {
    "pk": 20,
    "model": "forum.post",
    "fields": {
      "body": "Spaaaaaaaaaaaaaaaaaaaaaaaaaaaaaaarta!Spaaaaaaaaaaaaaaaaaaaaaaaaaaaaaaarta!Spaaaaaaaaaaaaaaaaaaaaaaaaaaaaaaarta!",
      "edited": "2011-01-14 16:08:47",
      "time": "2011-01-14 16:08:47",
      "thread": 3,
      "author": 1
    }
  },
  {
    "pk": 19,
    "model": "forum.post",
    "fields": {
      "body": "Spaaaaaaaaaaaaaaaaaaaaaaaaaaaaaaarta!\r\nSpaaaaaaaaaaaaaaaaaaaaaaaaaaaaaaarta!",
      "edited": "2011-01-14 16:08:44",
      "time": "2011-01-14 16:08:44",
      "thread": 3,
      "author": 1
    }
  },
  {
    "pk": 18,
    "model": "forum.post",
    "fields": {
      "body": "Spaaaaaaaaaaaaaaaaaaaaaaaaaaaaaaarta!",
      "edited": "2011-01-14 16:08:40",
      "time": "2011-01-14 16:08:40",
      "thread": 3,
      "author": 1
    }
  },
  {
    "pk": 17,
    "model": "forum.post",
    "fields": {
      "body": ":mypony:\r\n:mypony:\r\n:mypinkpony:\r\n:mypinkpony:\r\n:mypony:\r\n:mypinkpony:\r\n",
      "edited": "2011-01-14 15:06:10",
      "time": "2011-01-14 15:06:10",
      "thread": 2,
      "author": 1
    }
  },
  {
    "pk": 16,
    "model": "forum.post",
    "fields": {
      "body": ":) :( :D :) :( :D :) :( ",
      "edited": "2011-01-14 15:05:35",
      "time": "2011-01-14 15:05:35",
      "thread": 2,
      "author": 1
    }
  },
  {
    "pk": 15,
    "model": "forum.post",
    "fields": {
      "body": "bugg\r\n",
      "edited": "2011-01-14 15:05:33",
      "time": "2011-01-14 15:05:33",
      "thread": 2,
      "author": 1
    }
  },
  {
    "pk": 14,
    "model": "forum.post",
    "fields": {
      "body": ":) :( :D :) :( :D :) :( :D :) :( :D :) ",
      "edited": "2011-01-14 15:03:34",
      "time": "2011-01-14 15:03:34",
      "thread": 1,
      "author": 1
    }
  },
  {
    "pk": 13,
    "model": "forum.post",
    "fields": {
      "body": ":) :( :D :) :( :D :) :( :D :) :( ",
      "edited": "2011-01-14 15:03:09",
      "time": "2011-01-14 15:03:09",
      "thread": 1,
      "author": 1
    }
  },
  {
    "pk": 12,
    "model": "forum.post",
    "fields": {
      "body": ":) :( :D :) :( :D :) :( :D :) :( ",
      "edited": "2011-01-14 15:03:04",
      "time": "2011-01-14 15:03:04",
      "thread": 1,
      "author": 1
    }
  },
  {
    "pk": 11,
    "model": "forum.post",
    "fields": {
      "body": ":) :( :D :) :( :D :) :( :D :) :( :D :) ",
      "edited": "2011-01-14 15:02:55",
      "time": "2011-01-14 15:02:55",
      "thread": 1,
      "author": 1
    }
  },
  {
    "pk": 10,
    "model": "forum.post",
    "fields": {
      "body": ":) :( :D :) :( :D :) :( :D :) :( :D :) ",
      "edited": "2011-01-14 15:02:46",
      "time": "2011-01-14 15:02:46",
      "thread": 1,
      "author": 1
    }
  },
  {
    "pk": 9,
    "model": "forum.post",
    "fields": {
      "body": ":) :( :D :) :( :D :) :( :D :) :( :D :) :( :D :) :( :D :) :( :D :) :( :D :) :( :D :) :( :D ",
      "edited": "2011-01-14 15:02:43",
      "time": "2011-01-14 15:02:43",
      "thread": 1,
      "author": 1
    }
  },
  {
    "pk": 8,
    "model": "forum.post",
    "fields": {
      "body": ":) :( :D :) :( :D :) ",
      "edited": "2011-01-14 15:02:40",
      "time": "2011-01-14 15:02:40",
      "thread": 1,
      "author": 1
    }
  },
  {
    "pk": 7,
    "model": "forum.post",
    "fields": {
      "body": ":) :( :D :) :( :D :) ",
      "edited": "2011-01-14 15:02:38",
      "time": "2011-01-14 15:02:38",
      "thread": 1,
      "author": 1
    }
  },
  {
    "pk": 6,
    "model": "forum.post",
    "fields": {
      "body": ":) :( :D :) :( :D :) ",
      "edited": "2011-01-14 15:02:34",
      "time": "2011-01-14 15:02:34",
      "thread": 1,
      "author": 1
    }
  },
  {
    "pk": 5,
    "model": "forum.post",
    "fields": {
      "body": ":) :( :D :) :( :D :) :( :D :) :( :D :) :( :D :) :( :D :) :( :D :) :( :D :) :( :D :) :( :D ",
      "edited": "2011-01-14 15:02:30",
      "time": "2011-01-14 15:02:30",
      "thread": 1,
      "author": 1
    }
  },
  {
    "pk": 4,
    "model": "forum.post",
    "fields": {
      "body": "ad wdasdasd a",
      "edited": "2011-01-14 15:02:15",
      "time": "2011-01-14 15:02:15",
      "thread": 1,
      "author": 1
    }
  },
  {
    "pk": 3,
    "model": "forum.post",
    "fields": {
      "body": "adwwdwadwd",
      "edited": "2011-01-14 15:02:12",
      "time": "2011-01-14 15:02:12",
      "thread": 1,
      "author": 1
    }
  },
  {
    "pk": 2,
    "model": "forum.post",
    "fields": {
      "body": "asaasd",
      "edited": "2011-01-14 15:02:09",
      "time": "2011-01-14 15:02:09",
      "thread": 1,
      "author": 1
    }
  },
  {
    "pk": 1,
    "model": "forum.post",
    "fields": {
      "body": "[b]Test[/b]",
      "edited": "2011-01-11 19:31:38",
      "time": "2011-01-11 19:31:38",
      "thread": 1,
      "author": 1
    }
  },
  {
    "pk": 2,
    "model": "tagging.tag",
    "fields": {
      "name": "aasd"
    }
  },
  {
    "pk": 1,
    "model": "tagging.tag",
    "fields": {
      "name": "muu"
    }
  },
  {
    "pk": 3,
    "model": "tagging.tag",
    "fields": {
      "name": "qa"
    }
  },
  {
    "pk": 4,
    "model": "tagging.tag",
    "fields": {
      "name": "sa"
    }
  },
  {
    "pk": 1,
    "model": "tagging.taggeditem",
    "fields": {
      "tag": 1,
      "object_id": 4,
      "content_type": 22
    }
  },
  {
    "pk": 2,
    "model": "tagging.taggeditem",
    "fields": {
      "tag": 2,
      "object_id": 4,
      "content_type": 22
    }
  },
  {
    "pk": 3,
    "model": "tagging.taggeditem",
    "fields": {
      "tag": 3,
      "object_id": 4,
      "content_type": 22
    }
  },
  {
    "pk": 4,
    "model": "tagging.taggeditem",
    "fields": {
      "tag": 1,
      "object_id": 5,
      "content_type": 22
    }
  },
  {
    "pk": 5,
    "model": "tagging.taggeditem",
    "fields": {
      "tag": 3,
      "object_id": 5,
      "content_type": 22
    }
  }
]
